result,metric,dataset,raw_file,script,n,provenance_tier,independently_recomputed,matches_prior_manuscript
BM25 primary,hit_at_1,N7023,rankings/bm25_records.jsonl,q1_strengthening/scripts/recompute_retrieval_metrics.py,7023,raw_independently_recomputed,yes,exact_match
BM25 primary,hit_at_5,N7023,rankings/bm25_records.jsonl,q1_strengthening/scripts/recompute_retrieval_metrics.py,7023,raw_independently_recomputed,yes,exact_match
BM25 primary,hit_at_10,N7023,rankings/bm25_records.jsonl,q1_strengthening/scripts/recompute_retrieval_metrics.py,7023,raw_independently_recomputed,yes,exact_match
BM25 primary,mrr,N7023,rankings/bm25_records.jsonl,q1_strengthening/scripts/recompute_retrieval_metrics.py,7023,raw_independently_recomputed,yes,exact_match
BM25 primary,trec_map,N7023,rankings/bm25_records.jsonl,q1_strengthening/scripts/recompute_retrieval_metrics.py,7023,raw_independently_recomputed,yes,exact_match
BM25 primary,package_map,N7023,rankings/bm25_records.jsonl,q1_strengthening/scripts/recompute_retrieval_metrics.py,7023,raw_independently_recomputed,yes,exact_match
Jina primary,hit_at_1,N7023,rankings/jina_records.jsonl,q1_strengthening/scripts/recompute_retrieval_metrics.py,7023,raw_independently_recomputed,yes,exact_match
Jina primary,hit_at_5,N7023,rankings/jina_records.jsonl,q1_strengthening/scripts/recompute_retrieval_metrics.py,7023,raw_independently_recomputed,yes,exact_match
Jina primary,hit_at_10,N7023,rankings/jina_records.jsonl,q1_strengthening/scripts/recompute_retrieval_metrics.py,7023,raw_independently_recomputed,yes,exact_match
Jina primary,mrr,N7023,rankings/jina_records.jsonl,q1_strengthening/scripts/recompute_retrieval_metrics.py,7023,raw_independently_recomputed,yes,exact_match
Jina primary,trec_map,N7023,rankings/jina_records.jsonl,q1_strengthening/scripts/recompute_retrieval_metrics.py,7023,raw_independently_recomputed,yes,exact_match
Jina primary,package_map,N7023,rankings/jina_records.jsonl,q1_strengthening/scripts/recompute_retrieval_metrics.py,7023,raw_independently_recomputed,yes,exact_match
Hybrid H primary,hit_at_1,N7023,rankings/hybrid_rrf_records.jsonl,q1_strengthening/scripts/recompute_retrieval_metrics.py,7023,raw_independently_recomputed,yes,exact_match
Hybrid H primary,hit_at_5,N7023,rankings/hybrid_rrf_records.jsonl,q1_strengthening/scripts/recompute_retrieval_metrics.py,7023,raw_independently_recomputed,yes,exact_match
Hybrid H primary,hit_at_10,N7023,rankings/hybrid_rrf_records.jsonl,q1_strengthening/scripts/recompute_retrieval_metrics.py,7023,raw_independently_recomputed,yes,exact_match
Hybrid H primary,mrr,N7023,rankings/hybrid_rrf_records.jsonl,q1_strengthening/scripts/recompute_retrieval_metrics.py,7023,raw_independently_recomputed,yes,exact_match
Hybrid H primary,trec_map,N7023,rankings/hybrid_rrf_records.jsonl,q1_strengthening/scripts/recompute_retrieval_metrics.py,7023,raw_independently_recomputed,yes,exact_match
Hybrid H primary,package_map,N7023,rankings/hybrid_rrf_records.jsonl,q1_strengthening/scripts/recompute_retrieval_metrics.py,7023,raw_independently_recomputed,yes,exact_match
H+SR primary,hit_at_1,N7023,final_research_summary/BUGSTAIR_V2_FINAL_RESULTS.json,not_available_raw_predictions_gitignored,7023,frozen_aggregate_hash_verified,no,exact_match
H+SR primary,hit_at_5,N7023,final_research_summary/BUGSTAIR_V2_FINAL_RESULTS.json,not_available_raw_predictions_gitignored,7023,frozen_aggregate_hash_verified,no,exact_match
H+SR primary,hit_at_10,N7023,final_research_summary/BUGSTAIR_V2_FINAL_RESULTS.json,not_available_raw_predictions_gitignored,7023,frozen_aggregate_hash_verified,no,exact_match
H+SR primary,mrr,N7023,final_research_summary/BUGSTAIR_V2_FINAL_RESULTS.json,not_available_raw_predictions_gitignored,7023,frozen_aggregate_hash_verified,no,exact_match
H+SR primary,trec_map,N7023,final_research_summary/BUGSTAIR_V2_FINAL_RESULTS.json,not_available_raw_predictions_gitignored,7023,frozen_aggregate_hash_verified,no,exact_match
H+SR primary,package_map,N7023,final_research_summary/BUGSTAIR_V2_FINAL_RESULTS.json,not_available_raw_predictions_gitignored,7023,frozen_aggregate_hash_verified,no,exact_match
H+SR_vs_H bootstrap,all_six_metrics,N7023,final_research_summary/BUGSTAIR_V2_FINAL_RESULTS.json,not_available_raw_bootstrap_draws,7023,frozen_aggregate,no,exact_match
Dataset reconciliation,raw_n_7493_to_7483,dataset,iqloc_author_final_7483/provenance_reconciliation.json,not_applicable,10,raw_bug_id_enumerated,yes,strengthens_prior_framing
Dataset reconciliation,primary_n_7026_to_7023,dataset,iqloc_author_final_7483/provenance_reconciliation.json,not_applicable,3,raw_bug_id_enumerated,yes,strengthens_prior_framing
Multifile displacement,bucket_counts_11_20_21_50_51_100,N4081_GTge2,multifile_displacement_analysis/DISPLACED_GT_FILES.json,not_applicable,457,raw_per_file_records,yes,exact_match
