manuscript_claim,value,source_raw_artifact,recomputation_script,derived_result_file,manuscript_section,verified
Primary cohort size,N=7023,results/iqloc_author_final_7483/final_primary_cohort.json,recompute_bdh_metrics.py,bdh_independent_recomputation.json,Abstract; Sec 4.1,YES
Cohort exclusions from raw pool,460 of 7483 excluded (3 dataset-reconciliation + 457 localizability),results/iqloc_author_final_7483/final_fingerprints.json,N/A (fingerprint comparison only),hsr_artifact_verification.md,Sec 4.1,YES
B (BM25) Hit@1/5/10,0.2821/0.5392/0.6484,results/iqloc_author_final_7483/rankings/bm25_records.jsonl,recompute_bdh_metrics.py,hsr_metrics_recomputed.json,Table 4,YES
B (BM25) MRR/TREC-MAP/Package-MAP,0.4028/0.3242/0.3349,results/iqloc_author_final_7483/rankings/bm25_records.jsonl,recompute_bdh_metrics.py,hsr_metrics_recomputed.json,Table 4,YES
D (Jina) Hit@1/5/10,0.3957/0.6692/0.7548,results/iqloc_author_final_7483/rankings/jina_records.jsonl,recompute_bdh_metrics.py,hsr_metrics_recomputed.json,Table 4,YES
D (Jina) MRR/TREC-MAP/Package-MAP,0.5195/0.4182/0.4296,results/iqloc_author_final_7483/rankings/jina_records.jsonl,recompute_bdh_metrics.py,hsr_metrics_recomputed.json,Table 4,YES
H (Hybrid) Hit@1/5/10,0.4304/0.7045/0.7934,results/iqloc_author_final_7483/rankings/hybrid_rrf_records.jsonl,recompute_bdh_metrics.py,hsr_metrics_recomputed.json,Table 4; Abstract,YES
H (Hybrid) MRR/TREC-MAP/Package-MAP,0.5538/0.4538/0.4646,results/iqloc_author_final_7483/rankings/hybrid_rrf_records.jsonl,recompute_bdh_metrics.py,hsr_metrics_recomputed.json,Table 4; Abstract,YES
H ranking file SHA-256 identity,7f969ca9c2d8d291b4556d74b554a748053d847f8ef897575bd762fa0c0cf676,results/iqloc_author_final_7483/rankings/hybrid_rrf_records.jsonl,shasum -a 256,hsr_artifact_verification.md,Sec 4.2,YES
H+SR raw prediction file,FOUND this pass: results/iqloc_author_final_7483/stage_c/final_hsr_n7023/predictions/final_hsr_predictions.jsonl,N=7023/7023 records SHA-256=28c84c19... exact match to documented value,shasum -a 256; master_hsr_raw_recomputation.py,hsr_raw_artifact_closure.md,Sec 4.2; Sec 10,YES
H+SR Hit@1/5/10,0.4546/0.7216/0.8035,results/.../predictions/final_hsr_predictions.jsonl (TRUE RAW - upgraded from frozen-aggregate-only),master_hsr_raw_recomputation.py,hsr_metric_recomputation.md,Table 4; Abstract,YES (independently recomputed from raw, no longer aggregate-only)
H+SR MRR/TREC-MAP/Package-MAP,0.5749/0.4623/0.4825,as above,master_hsr_raw_recomputation.py,hsr_metric_recomputation.md,Table 4; Abstract,YES
H+SR GTRecall@5/10 Complete@5/10 (H vs H+SR),new: GTRecall5 +0.0053(ns); GTRecall10 -0.0036(ns); Complete5 -0.0034(ns); Complete10 -0.0168(sig),final_hsr_predictions.jsonl + hybrid_rrf_records.jsonl,master_hsr_raw_recomputation.py,hsr_paired_statistics.md,Sec 5.2 (new),YES (new finding this pass)
Full-cohort paired bootstrap CIs (10 metrics),see hsr_paired_statistics.md table,as above,master_hsr_raw_recomputation.py,hsr_paired_statistics.md,Table 4 continued,YES
BLUiR-style baseline N,1060 of 1293 (82.0%),final_closure/bluir_per_bug_results_camel_full.json,bluir_reproduction.py (prior phase; unaffected by this pass),external_baseline.md,Sec 4.3; Table 9,YES (unaffected)
BLUiR-style baseline Hit@1/5/10/MRR/TREC-MAP/GTRecall@10,0.2358/0.4575/0.5679/0.3446/0.2599/0.4166,final_closure/bluir_per_bug_results_camel_full.json,bluir_reproduction.py,external_baseline.md,Table 9,YES
H vs BLUiR-style Hit@10/MRR/TREC-MAP deltas,+0.1830/+0.1649/+0.1465,paired_comparison_matched_subset.json,bluir_reproduction.py,external_baseline.md,Table 5 (cont.),YES
"|GT|=1/2/>=3 cardinality counts",2942/2219/1862,results/iqloc_author_final_7483/rankings/hybrid_rrf_records.jsonl,master_hsr_raw_recomputation.py,cardinality_analysis.md,Sec 4.1; Table 6,YES
"H vs H+SR per-stratum deltas + individual-stratum bootstrap CIs (NEW)",see cardinality_analysis.md full table,final_hsr_predictions.jsonl (TRUE RAW),master_hsr_raw_recomputation.py,cardinality_analysis.md,Table 6,YES (individual-stratum CIs now possible for first time)
"|GT|=1 Hit@10/Complete@10/GTRecall@10 CI includes zero (NEW FINDING)",CI=[-0.0020,+0.0224],final_hsr_predictions.jsonl,master_hsr_raw_recomputation.py,cardinality_analysis.md,Sec 5.3 (requires softening),YES - requires manuscript correction
Category A retrieval-window-failure count/pct,3008 / 18.05% (UNCHANGED),results/iqloc_author_final_7483/rankings/hybrid_rrf_records.jsonl,master_hsr_raw_recomputation.py,displacement_analysis.md,Table 7; Abstract,YES
Category B reranking-displacement count/pct,CORRECTED: 1146 / 6.88% (was 457/2.74%),final_hsr_predictions.jsonl (TRUE RAW UNCONDITIONAL),master_hsr_raw_recomputation.py,displacement_analysis.md + scope_correction_record.md,Table 7; Abstract,YES - MATERIAL CORRECTION APPLIED
Category C promotion count/pct,CORRECTED: 1086 / 6.52% (was 253/1.52%),final_hsr_predictions.jsonl,master_hsr_raw_recomputation.py,displacement_analysis.md,Table 7,YES - MATERIAL CORRECTION APPLIED
Category D stable count/pct,CORRECTED: 7676 / 46.07% (was 8365/50.20% in prior pass; was mislabeled 13198/78% originally),final_hsr_predictions.jsonl,master_hsr_raw_recomputation.py,displacement_analysis.md,Table 7,YES - MATERIAL CORRECTION APPLIED (2nd correction)
Category A/B ratio,CORRECTED: 2.62x (was stated as 6.6x),arithmetic on corrected A/B,N/A,displacement_analysis.md,Sec 6.1,YES - CORRECTION APPLIED
Cardinality-stratified displacement (NEW),see displacement_analysis.md table,final_hsr_predictions.jsonl,master_hsr_raw_recomputation.py,displacement_analysis.md,new supplementary detail,YES (new this pass)
364 complete-to-incomplete loss bugs,364 (RECONFIRMED as correct - this bug-level count was never scope-mismatched),final_hsr_predictions.jsonl + hybrid_rrf_records.jsonl,master_hsr_raw_recomputation.py (independent transition recount),displacement_analysis.md,Sec 6.1,YES
216 complete-to-incomplete recoveries; 194/153 hit@10 transitions,216; 194; 153 (RECONFIRMED exact),as above,master_hsr_raw_recomputation.py,scope_correction_record.md,Sec 6.1 context,YES
Two-file joint-outcome N (one displaced one stable),211 of 2219 (RECONFIRMED exact, scope-invariant by construction),final_hsr_predictions.jsonl,master_hsr_raw_recomputation.py,two_file_analysis.md,Table 6 (cont.),YES
Two-file test-displaced/production-stable pattern,129/211 (61.14%) [54.42%,67.46%] (RECONFIRMED exact, scope-invariant),final_hsr_predictions.jsonl,master_hsr_raw_recomputation.py,two_file_analysis.md,Table 8; Sec 8.2,YES
Two-file table OTHER rows (509 and 342),CORRECTED: 436 and 263 (+3 newly distinguished categories: 79/54/19),final_hsr_predictions.jsonl,master_hsr_raw_recomputation.py,two_file_analysis.md,Table 6 (cont.),YES - CORRECTION APPLIED
Test-file displaced/stable/promoted counts,CORRECTED (unconditional): displaced test=491 prod=655; stable test=2014 prod=5662; promoted test=227 prod=859,final_hsr_predictions.jsonl,master_hsr_raw_recomputation.py,test_file_analysis.md,Table 8 (cont.),YES - CORRECTION APPLIED
Test-file odds ratio (displaced vs stable),CORRECTED: OR=2.107 [1.855,2.394] p=2.78e-29 (was OR=3.34 [2.76,4.04] p=7.7e-35),final_hsr_predictions.jsonl,master_hsr_raw_recomputation.py (cross-verified with scipy.stats.fisher_exact),test_file_analysis.md,Table 5 (cont.); Abstract,YES - MATERIAL CORRECTION APPLIED
Test-file odds ratio (promoted vs stable),CORRECTED, DIRECTION REVERSED: OR=0.743 [0.636,0.867] p=1.48e-4 (was OR=1.52 [1.17,1.98] p=1.99e-3),final_hsr_predictions.jsonl,master_hsr_raw_recomputation.py,test_file_analysis.md,Table 5 (cont.); Sec 6.3 (churn sentence removed),YES - MATERIAL CORRECTION, DIRECTION REVERSAL
Test-file odds ratio (displaced vs promoted),CORRECTED: OR=2.837 [2.352,3.421] p=5.10e-29 (was OR=2.19 [1.60,3.00] p=1.08e-6),final_hsr_predictions.jsonl,master_hsr_raw_recomputation.py,test_file_analysis.md,Table 5 (cont.),YES - CORRECTION APPLIED
Conditional (364-loss-bug-scoped) test-file OR (secondary analysis),OR=4.277 [3.199,5.720] p=2.72e-24 (properly same-population; the original 3.34 is RETIRED as an invalid mismatched-population artifact),final_hsr_predictions.jsonl restricted to the 364 loss bugs,ad-hoc script (this session),test_file_analysis.md,Sec 8.2 (optional secondary),YES (new, properly scoped)
Mixed production+test ground truth,2859/4081 (70.1%) (RECONFIRMED, structurally unaffected by H+SR),results/iqloc_author_final_7483/rankings/hybrid_rrf_records.jsonl,master_hsr_raw_recomputation.py,ground_truth_composition.md,Abstract; Sec 6.4,YES
Path-token lexical overlap (test vs prod),0.4024/0.3979 displaced; 0.4367/0.4293 stable (NOT rerun against corrected populations this pass - disclosed as optional follow-up),DISPLACED_GT_FILES.json etc (ledger-scoped, not rerun),lexical_overlap_mechanism.py (prior phase only),negative_mechanism_check.md,Sec 6.3,PARTIAL - not re-verified against corrected unconditional populations (disclosed)
N=24 timing pilot mean H+SR cost,723.264s (RECONFIRMED, now cross-validated),results/.../n24_pilot_v1/runtime/final_runtime_estimate.json,N/A,cost_evidence_check.md,Table 10; Sec 7; Abstract,YES
Full-cohort (N=7023) measured H+SR cost (NEW),mean=709.876s median=655.477s (genuine full-cohort measurement, not estimate),results/.../predictions/final_completeness_audit.json,N/A (direct read),cost_evidence_check.md,Table 10; Sec 7 (recommend as new primary),YES (new this pass - upgrade)
Cost ratio H+SR vs retrieval,UPDATED: 999.8x using full-cohort mean (was 1018.7x from N=24 pilot; both ~3 orders of magnitude, consistent),709.876s / 0.710s,N/A (arithmetic),cost_evidence_check.md,Sec 7,YES
Peak VRAM median,15.8 GiB (15.82865 GiB precise) (unaffected),final_runtime_estimate.json (n24_measured.peak_vram_gib),N/A,cost_evidence_check.md,Sec 4.5; Table 10,YES
Model identity,Qwen/Qwen3-8B rev b968826d9c46dd6066d109eabc6255188de91218 (RECONFIRMED via new raw file's own header fields),final_hsr_predictions.jsonl record fields + freeze manifest,N/A,hsr_artifact_verification.md; hsr_raw_artifact_closure.md,Sec 4.2,YES
Run-consistency (no pilot/obsolete contamination),confirmed via fingerprint cross-check; ledger SCOPE issue found and corrected is a derived-analysis labeling issue not a run-identity issue,multiple (see run_consistency_audit.md),N/A,run_consistency_audit.md,Sec 10,YES
Semantic parse success rate (NEW),parse_ok=662663/699880 (94.68%); parse_fail=37217 (5.32%, fail-safe fallback triggered),final_completeness_audit.json,N/A (direct read),hsr_raw_artifact_closure.md,Sec 3.1 methodology color (optional addition),YES (new this pass)
